1;1;1;64;1;66;69;61;61;61;65;62;62;62;62;71;62;62;63;63;63;63;81;63;63;63;63;63;63;63;63;63;63;63;63;63;63;63;63;63;63;63;63;63;63;63;22;63;31;63;63;63;2;63;63;16;54;63;63;77;63;63;39;63;63;44;63;63;63;63;-1;-1;-1;-1;74;73;73;73;73;73;73;73;73;73;73;0
-1;-1;-1;-1;-1;-1;-1;-1;-1;-1;-1;-1;-1;-1;-1;-1;-1;-1;63;63;63;63;63;63;63;63;63;63;63;63;63;63;63;63;63;63;63;63;63;63;63;63;63;63;63;63;63;63;63;63;63;63;63;63;63;63;63;63;63;63;63;63;63;63;63;63;63;63;63;63;-1;-1;-1;-1;-1;-1;-1;-1;-1;-1;-1;-1;-1;-1;-1;0
-1;-1;-1;-1;-1;-1;-1;-1;-1;-1;-1;-1;-1;-1;-1;-1;-1;-1;63;63;63;63;63;63;63;63;63;63;63;63;9;3;63;63;63;63;63;63;63;63;63;63;63;63;63;63;63;63;63;63;63;63;63;63;63;63;63;63;63;63;63;63;63;63;63;63;63;63;63;63;-1;-1;-1;-1;-1;-1;-1;-1;-1;-1;-1;-1;-1;-1;-1;-1
-1;-1;-1;-1;-1;-1;-1;-1;-1;-1;-1;-1;-1;-1;-1;-1;-1;-1;63;63;63;63;63;63;63;63;63;63;63;63;63;63;63;63;63;63;63;4;63;63;63;63;63;63;63;63;63;63;63;63;63;63;63;63;63;63;63;63;63;63;63;63;63;63;63;63;63;63;63;63;-1;-1;-1;-1;-1;-1;-1;-1;-1;-1;-1;-1;-1;-1;-1;-1
-1;-1;-1;-1;-1;-1;-1;-1;-1;-1;-1;-1;-1;-1;-1;-1;-1;-1;63;63;63;63;5;63;63;63;63;63;63;63;63;63;63;63;63;63;63;63;63;63;63;63;63;63;63;63;63;63;63;63;63;63;63;63;63;63;63;63;63;63;63;63;63;63;63;63;63;63;63;63;-1;-1;-1;-1;-1;-1;-1;-1;-1;-1;-1;-1;-1;-1;-1;-1
-1;-1;-1;-1;-1;-1;-1;-1;-1;-1;-1;-1;-1;-1;-1;-1;-1;-1;63;63;63;63;63;63;63;63;6;63;63;63;63;63;63;63;63;63;63;63;63;63;63;63;63;63;63;63;63;63;63;63;63;63;63;63;63;63;63;63;63;63;63;63;63;63;63;63;63;63;63;63;-1;-1;-1;-1;-1;-1;-1;-1;-1;-1;-1;-1;-1;-1;-1;-1
-1;-1;-1;-1;-1;-1;-1;-1;-1;-1;-1;-1;-1;-1;-1;-1;-1;-1;63;63;63;63;63;63;63;63;63;63;63;63;63;63;63;63;63;7;63;63;63;63;63;63;63;63;63;63;63;63;63;63;63;63;63;63;63;63;63;63;63;63;63;63;63;63;63;63;63;63;63;63;-1;-1;-1;-1;-1;-1;-1;-1;-1;-1;-1;-1;-1;-1;-1;-1
-1;-1;-1;-1;-1;-1;-1;-1;-1;-1;-1;-1;-1;-1;-1;-1;-1;-1;63;63;63;63;63;63;63;63;63;63;63;63;63;63;8;63;63;63;63;63;63;63;63;63;63;63;63;63;63;63;63;63;63;63;63;63;63;63;63;63;63;63;63;63;63;63;63;63;63;63;63;63;-1;-1;-1;-1;-1;-1;-1;-1;-1;-1;-1;-1;-1;-1;-1;-1
-1;-1;-1;-1;-1;-1;-1;-1;-1;-1;-1;-1;-1;-1;-1;-1;-1;-1;63;63;63;63;63;63;63;63;63;63;63;63;63;63;63;63;63;63;63;63;63;63;63;63;63;63;63;63;63;63;63;63;63;63;63;63;63;63;63;63;63;63;63;63;63;63;63;63;63;63;63;63;-1;-1;-1;-1;-1;-1;-1;-1;-1;-1;-1;-1;-1;-1;-1;0
-1;-1;-1;-1;-1;-1;-1;-1;-1;-1;-1;-1;-1;-1;-1;-1;-1;-1;63;63;63;63;63;63;63;63;63;63;63;63;63;63;63;10;63;63;63;63;63;63;63;63;63;63;63;63;63;63;63;63;63;63;63;63;63;63;63;63;63;63;63;63;63;63;63;63;63;63;63;63;-1;-1;-1;-1;-1;-1;-1;-1;-1;-1;-1;-1;-1;-1;-1;-1
-1;-1;-1;-1;-1;-1;-1;-1;-1;-1;-1;-1;-1;-1;-1;-1;-1;-1;63;63;63;63;63;63;63;63;63;63;63;63;63;63;63;63;63;11;63;63;63;63;63;63;63;63;63;63;63;63;63;63;63;63;63;63;63;63;63;63;63;63;63;63;63;63;63;63;63;63;63;63;-1;-1;-1;-1;-1;-1;-1;-1;-1;-1;-1;-1;-1;-1;-1;-1
-1;-1;-1;-1;-1;-1;-1;-1;-1;-1;-1;-1;-1;-1;-1;-1;-1;-1;63;63;63;63;63;63;63;63;12;63;63;63;63;63;63;63;63;63;63;63;63;63;63;63;63;63;63;63;63;63;63;63;63;63;63;63;63;63;63;63;63;63;63;63;63;63;63;63;63;63;63;63;-1;-1;-1;-1;-1;-1;-1;-1;-1;-1;-1;-1;-1;-1;-1;-1
-1;-1;-1;-1;-1;-1;-1;-1;-1;-1;-1;-1;-1;-1;-1;-1;-1;-1;63;63;63;63;63;63;63;63;63;63;63;63;13;63;63;63;63;63;63;63;63;63;63;63;63;63;63;63;63;63;63;63;63;63;63;63;63;63;63;63;63;63;63;63;63;63;63;63;63;63;63;63;-1;-1;-1;-1;-1;-1;-1;-1;-1;-1;-1;-1;-1;-1;-1;-1
-1;-1;-1;-1;-1;-1;-1;-1;-1;-1;-1;-1;-1;-1;-1;-1;-1;-1;63;63;63;63;63;63;63;63;14;63;63;63;63;63;63;63;63;63;63;63;63;63;63;63;63;63;63;63;63;63;63;63;63;63;63;63;63;63;63;63;63;63;63;63;63;63;63;63;63;63;63;63;-1;-1;-1;-1;-1;-1;-1;-1;-1;-1;-1;-1;-1;-1;-1;-1
-1;-1;-1;-1;-1;-1;-1;-1;-1;-1;-1;-1;-1;-1;-1;-1;-1;-1;63;63;63;63;63;63;63;63;63;63;63;63;63;63;63;63;63;15;63;63;63;63;63;63;63;63;63;63;63;63;63;63;63;63;63;63;63;63;63;63;63;63;63;63;63;63;63;63;63;63;63;63;-1;-1;-1;-1;-1;-1;-1;-1;-1;-1;-1;-1;-1;-1;-1;-1
-1;-1;-1;-1;-1;-1;-1;-1;-1;-1;-1;-1;-1;-1;-1;-1;-1;-1;63;63;63;63;63;63;63;63;63;63;63;63;63;63;63;63;63;63;63;63;63;63;63;63;63;63;63;63;63;63;63;63;63;63;63;63;63;63;63;63;63;63;63;63;63;63;63;63;63;63;63;63;-1;-1;-1;-1;-1;-1;-1;-1;-1;-1;-1;-1;-1;-1;-1;0
-1;-1;-1;-1;-1;-1;-1;-1;-1;-1;-1;-1;-1;-1;-1;-1;-1;-1;63;63;63;63;63;63;63;63;63;63;63;63;63;63;17;63;63;63;63;63;63;63;63;63;63;63;63;63;63;63;63;63;63;63;63;63;63;63;63;63;63;63;63;63;63;63;63;63;63;63;63;63;-1;-1;-1;-1;-1;-1;-1;-1;-1;-1;-1;-1;-1;-1;-1;-1
-1;-1;-1;-1;-1;-1;-1;-1;-1;-1;-1;-1;-1;-1;-1;-1;-1;-1;63;63;63;63;63;63;18;63;63;63;63;63;63;63;63;63;63;63;63;63;63;63;63;63;63;63;63;63;63;63;63;63;63;63;63;63;63;63;63;63;63;63;63;63;63;63;63;63;63;63;63;63;-1;-1;-1;-1;-1;-1;-1;-1;-1;-1;-1;-1;-1;-1;-1;-1
-1;-1;-1;-1;-1;-1;-1;-1;-1;-1;-1;-1;-1;-1;-1;-1;-1;-1;63;63;63;63;63;63;63;63;19;63;63;63;63;63;63;63;63;63;63;63;63;63;63;63;63;63;63;63;63;63;63;63;63;63;63;63;63;63;63;63;63;63;63;63;63;63;63;63;63;63;63;63;-1;-1;-1;-1;-1;-1;-1;-1;-1;-1;-1;-1;-1;-1;-1;-1
-1;-1;-1;-1;-1;-1;-1;-1;-1;-1;-1;-1;-1;-1;-1;-1;-1;-1;63;63;20;63;63;63;63;63;63;63;63;63;63;63;63;63;63;63;63;63;63;63;63;63;63;63;63;63;63;63;63;63;63;63;63;63;63;63;63;63;63;63;63;63;63;63;63;63;63;63;63;63;-1;-1;-1;-1;-1;-1;-1;-1;-1;-1;-1;-1;-1;-1;-1;-1
-1;-1;-1;-1;-1;-1;-1;-1;-1;-1;-1;-1;-1;-1;-1;-1;-1;-1;63;63;63;63;63;63;63;63;63;63;63;63;63;63;21;63;63;63;63;63;63;63;63;63;63;63;63;63;63;63;63;63;63;63;63;63;63;63;63;63;63;63;63;63;63;63;63;63;63;63;63;63;-1;-1;-1;-1;-1;-1;-1;-1;-1;-1;-1;-1;-1;-1;-1;-1
-1;-1;-1;-1;-1;-1;-1;-1;-1;-1;-1;-1;-1;-1;-1;-1;-1;-1;63;63;63;63;63;63;63;63;63;63;63;63;63;63;63;63;63;63;63;63;63;63;63;63;63;63;63;63;63;63;63;63;63;63;63;63;63;63;63;63;63;63;63;63;63;63;63;63;63;63;63;63;-1;-1;-1;-1;-1;-1;-1;-1;-1;-1;-1;-1;-1;-1;-1;0
-1;-1;-1;-1;-1;-1;-1;-1;-1;-1;-1;-1;-1;-1;-1;-1;-1;-1;23;63;63;63;63;63;63;63;63;63;63;63;63;63;63;63;63;63;63;63;63;63;63;63;63;63;63;63;63;63;63;63;63;63;63;63;63;63;63;63;63;63;63;63;63;63;63;63;63;63;63;63;-1;-1;-1;-1;-1;-1;-1;-1;-1;-1;-1;-1;-1;-1;-1;-1
-1;-1;-1;-1;-1;-1;-1;-1;-1;-1;-1;-1;-1;-1;-1;-1;-1;-1;63;63;63;63;63;63;63;63;63;63;63;63;63;63;63;63;63;24;63;63;63;63;63;63;63;63;63;63;63;63;63;63;63;63;63;63;63;63;63;63;63;63;63;63;63;63;63;63;63;63;63;63;-1;-1;-1;-1;-1;-1;-1;-1;-1;-1;-1;-1;-1;-1;-1;-1
-1;-1;-1;-1;-1;-1;-1;-1;-1;-1;-1;-1;-1;-1;-1;-1;-1;-1;25;63;63;63;63;63;63;63;63;63;63;63;63;63;63;63;63;63;63;63;63;63;63;63;63;63;63;63;63;63;63;63;63;63;63;63;63;63;63;63;63;63;63;63;63;63;63;63;63;63;63;63;-1;-1;-1;-1;-1;-1;-1;-1;-1;-1;-1;-1;-1;-1;-1;-1
-1;-1;-1;-1;-1;-1;-1;-1;-1;-1;-1;-1;-1;-1;-1;-1;-1;-1;63;63;26;63;63;63;63;63;63;63;63;63;63;63;63;63;63;63;63;63;63;63;63;63;63;63;63;63;63;63;63;63;63;63;63;63;63;63;63;63;63;63;63;63;63;63;63;63;63;63;63;63;-1;-1;-1;-1;-1;-1;-1;-1;-1;-1;-1;-1;-1;-1;-1;-1
-1;-1;-1;-1;-1;-1;-1;-1;-1;-1;-1;-1;-1;-1;-1;-1;-1;-1;63;63;63;63;63;63;63;63;63;63;63;63;63;63;63;63;63;63;63;27;63;63;63;63;63;63;63;63;63;63;63;63;63;63;63;63;63;63;63;63;63;63;63;63;63;63;63;63;63;63;63;63;-1;-1;-1;-1;-1;-1;-1;-1;-1;-1;-1;-1;-1;-1;-1;-1
-1;-1;-1;-1;-1;-1;-1;-1;-1;-1;-1;-1;-1;-1;-1;-1;-1;-1;63;63;63;63;28;63;63;63;63;63;63;63;63;63;63;63;63;63;63;63;63;63;63;63;63;63;63;63;63;63;63;63;63;63;63;63;63;63;63;63;63;63;63;63;63;63;63;63;63;63;63;63;-1;-1;-1;-1;-1;-1;-1;-1;-1;-1;-1;-1;-1;-1;-1;-1
-1;-1;-1;-1;-1;-1;-1;-1;-1;-1;-1;-1;-1;-1;-1;-1;-1;-1;63;63;63;63;63;63;63;63;63;63;63;63;63;63;63;63;63;29;63;63;63;63;63;63;63;63;63;63;63;63;63;63;63;63;63;63;63;63;63;63;63;63;63;63;63;63;63;63;63;63;63;63;-1;-1;-1;-1;-1;-1;-1;-1;-1;-1;-1;-1;-1;-1;-1;-1
-1;-1;-1;-1;-1;-1;-1;-1;-1;-1;-1;-1;-1;-1;-1;-1;-1;-1;63;63;63;63;30;63;63;63;63;63;63;63;63;63;63;63;63;63;63;63;63;63;63;63;63;63;63;63;63;63;63;63;63;63;63;63;63;63;63;63;63;63;63;63;63;63;63;63;63;63;63;63;-1;-1;-1;-1;-1;-1;-1;-1;-1;-1;-1;-1;-1;-1;-1;-1
-1;-1;-1;-1;-1;-1;-1;-1;-1;-1;-1;-1;-1;-1;-1;-1;-1;-1;63;63;63;63;63;63;63;63;63;63;63;63;63;63;63;63;63;63;63;63;63;63;63;63;63;63;63;63;63;63;63;63;63;63;63;63;63;63;63;63;63;63;63;63;63;63;63;63;63;63;63;63;-1;-1;-1;-1;-1;-1;-1;-1;-1;-1;-1;-1;-1;-1;-1;0
-1;-1;-1;-1;-1;-1;-1;-1;-1;-1;-1;-1;-1;-1;-1;-1;-1;-1;63;63;63;63;63;63;63;63;63;63;63;63;63;32;63;63;63;63;63;63;63;63;63;63;63;63;63;63;63;63;63;63;63;63;63;63;63;63;63;63;63;63;63;63;63;63;63;63;63;63;63;63;-1;-1;-1;-1;-1;-1;-1;-1;-1;-1;-1;-1;-1;-1;-1;-1
-1;-1;-1;-1;-1;-1;-1;-1;-1;-1;-1;-1;-1;-1;-1;-1;-1;-1;63;63;63;63;63;63;63;63;63;63;63;63;63;63;63;63;33;63;63;63;63;63;63;63;63;63;63;63;63;63;63;63;63;63;63;63;63;63;63;63;63;63;63;63;63;63;63;63;63;63;63;63;-1;-1;-1;-1;-1;-1;-1;-1;-1;-1;-1;-1;-1;-1;-1;-1
-1;-1;-1;-1;-1;-1;-1;-1;-1;-1;-1;-1;-1;-1;-1;-1;-1;-1;63;63;63;63;63;63;63;63;63;63;63;63;63;63;63;63;63;63;63;63;34;63;63;63;63;63;63;63;63;63;63;63;63;63;63;63;63;63;63;63;63;63;63;63;63;63;63;63;63;63;63;63;-1;-1;-1;-1;-1;-1;-1;-1;-1;-1;-1;-1;-1;-1;-1;-1
-1;-1;-1;-1;-1;-1;-1;-1;-1;-1;-1;-1;-1;-1;-1;-1;-1;-1;35;63;63;63;63;63;63;63;63;63;63;63;63;63;63;63;63;63;63;63;63;63;63;63;63;63;63;63;63;63;63;63;63;63;63;63;63;63;63;63;63;63;63;63;63;63;63;63;63;63;63;63;-1;-1;-1;-1;-1;-1;-1;-1;-1;-1;-1;-1;-1;-1;-1;-1
-1;-1;-1;-1;-1;-1;-1;-1;-1;-1;-1;-1;-1;-1;-1;-1;-1;-1;63;63;63;63;63;63;63;63;63;63;63;63;63;36;63;63;63;63;63;63;63;63;63;63;63;63;63;63;63;63;63;63;63;63;63;63;63;63;63;63;63;63;63;63;63;63;63;63;63;63;63;63;-1;-1;-1;-1;-1;-1;-1;-1;-1;-1;-1;-1;-1;-1;-1;-1
-1;-1;-1;-1;-1;-1;-1;-1;-1;-1;-1;-1;-1;-1;-1;-1;-1;-1;63;63;63;63;63;63;63;63;63;63;63;63;63;63;63;63;63;63;63;37;63;63;63;63;63;63;63;63;63;63;63;63;63;63;63;63;63;63;63;63;63;63;63;63;63;63;63;63;63;63;63;63;-1;-1;-1;-1;-1;-1;-1;-1;-1;-1;-1;-1;-1;-1;-1;-1
-1;-1;-1;-1;-1;-1;-1;-1;-1;-1;-1;-1;-1;-1;-1;-1;-1;-1;63;63;63;63;63;63;63;63;63;63;63;63;63;63;38;63;63;63;63;63;63;63;63;63;63;63;63;63;63;63;63;63;63;63;63;63;63;63;63;63;63;63;63;63;63;63;63;63;63;63;63;63;-1;-1;-1;-1;-1;-1;-1;-1;-1;-1;-1;-1;-1;-1;-1;-1
-1;-1;-1;-1;-1;-1;-1;-1;-1;-1;-1;-1;-1;-1;-1;-1;-1;-1;63;63;63;63;63;63;63;63;63;63;63;63;63;63;63;63;63;63;63;63;63;63;63;63;63;63;63;63;63;63;63;63;63;63;63;63;63;63;63;63;63;63;63;63;63;63;63;63;63;63;63;63;-1;-1;-1;-1;-1;-1;-1;-1;-1;-1;-1;-1;-1;-1;-1;0
-1;-1;-1;-1;-1;-1;-1;-1;-1;-1;-1;-1;-1;-1;-1;-1;-1;-1;63;63;63;63;40;63;63;63;63;63;63;63;63;63;63;63;63;63;63;63;63;63;63;63;63;63;63;63;63;63;63;63;63;63;63;63;63;63;63;63;63;63;63;63;63;63;63;63;63;63;63;63;-1;-1;-1;-1;-1;-1;-1;-1;-1;-1;-1;-1;-1;-1;-1;-1
-1;-1;-1;-1;-1;-1;-1;-1;-1;-1;-1;-1;-1;-1;-1;-1;-1;-1;63;63;63;63;63;63;63;63;63;63;63;63;63;41;63;63;63;63;63;63;63;63;63;63;63;63;63;63;63;63;63;63;63;63;63;63;63;63;63;63;63;63;63;63;63;63;63;63;63;63;63;63;-1;-1;-1;-1;-1;-1;-1;-1;-1;-1;-1;-1;-1;-1;-1;0
-1;-1;-1;-1;-1;-1;-1;-1;-1;-1;-1;-1;-1;-1;-1;-1;-1;-1;42;63;63;63;63;63;63;63;63;63;63;63;63;63;63;63;63;63;63;63;63;63;63;63;63;63;63;63;63;63;63;63;63;63;63;63;63;63;63;63;63;63;63;63;63;63;63;63;63;63;63;63;-1;-1;-1;-1;-1;-1;-1;-1;-1;-1;-1;-1;-1;-1;-1;-1
-1;-1;-1;-1;-1;-1;-1;-1;-1;-1;-1;-1;-1;-1;-1;-1;-1;-1;63;63;63;63;63;63;63;63;63;63;63;63;63;63;43;63;63;63;63;63;63;63;63;63;63;63;63;63;63;63;63;63;63;63;63;63;63;63;63;63;63;63;63;63;63;63;63;63;63;63;63;63;-1;-1;-1;-1;-1;-1;-1;-1;-1;-1;-1;-1;-1;-1;-1;-1
-1;-1;-1;-1;-1;-1;-1;-1;-1;-1;-1;-1;-1;-1;-1;-1;-1;-1;63;63;63;63;63;63;63;63;63;63;63;63;63;63;63;63;63;63;63;63;63;63;63;63;63;63;63;63;63;63;63;63;63;63;63;63;63;63;63;63;63;63;63;63;63;63;63;63;63;63;63;63;-1;-1;-1;-1;-1;-1;-1;-1;-1;-1;-1;-1;-1;-1;-1;0
-1;-1;-1;-1;-1;-1;-1;-1;-1;-1;-1;-1;-1;-1;-1;-1;-1;-1;63;63;63;63;45;63;63;63;63;63;63;63;63;63;63;63;63;63;63;63;63;63;63;63;63;63;63;63;63;63;63;63;63;63;63;63;63;63;63;63;63;63;63;63;63;63;63;63;63;63;63;63;-1;-1;-1;-1;-1;-1;-1;-1;-1;-1;-1;-1;-1;-1;-1;-1
-1;-1;-1;-1;-1;-1;-1;-1;-1;-1;-1;-1;-1;-1;-1;-1;-1;-1;63;63;63;63;63;63;63;63;63;63;63;63;63;63;63;63;63;46;63;63;63;63;63;63;63;63;63;63;63;63;63;63;63;63;63;63;63;63;63;63;63;63;63;63;63;63;63;63;63;63;63;63;-1;-1;-1;-1;-1;-1;-1;-1;-1;-1;-1;-1;-1;-1;-1;-1
-1;-1;-1;-1;-1;-1;-1;-1;-1;-1;-1;-1;-1;-1;-1;-1;-1;-1;63;63;63;47;63;63;63;63;63;63;63;63;63;63;63;63;63;63;63;63;63;63;63;63;63;63;63;63;63;63;63;63;63;63;63;63;63;63;63;63;63;63;63;63;63;63;63;63;63;63;63;63;-1;-1;-1;-1;-1;-1;-1;-1;-1;-1;-1;-1;-1;-1;-1;-1
-1;-1;-1;-1;-1;-1;-1;-1;-1;-1;-1;-1;-1;-1;-1;-1;-1;-1;48;63;63;63;63;63;63;63;63;63;63;63;63;63;63;63;63;63;63;63;63;63;63;63;63;63;63;63;63;63;63;63;63;63;63;63;63;63;63;63;63;63;63;63;63;63;63;63;63;63;63;63;-1;-1;-1;-1;-1;-1;-1;-1;-1;-1;-1;-1;-1;-1;-1;-1
-1;-1;-1;-1;-1;-1;-1;-1;-1;-1;-1;-1;-1;-1;-1;-1;-1;-1;63;63;63;49;63;63;63;63;63;63;63;63;63;63;63;63;63;63;63;63;63;63;63;63;63;63;63;63;63;63;63;63;63;63;63;63;63;63;63;63;63;63;63;63;63;63;63;63;63;63;63;63;-1;-1;-1;-1;-1;-1;-1;-1;-1;-1;-1;-1;-1;-1;-1;-1
-1;-1;-1;-1;-1;-1;-1;-1;-1;-1;-1;-1;-1;-1;-1;-1;-1;-1;63;63;63;63;50;63;63;63;63;63;63;63;63;63;63;63;63;63;63;63;63;63;63;63;63;63;63;63;63;63;63;63;63;63;63;63;63;63;63;63;63;63;63;63;63;63;63;63;63;63;63;63;-1;-1;-1;-1;-1;-1;-1;-1;-1;-1;-1;-1;-1;-1;-1;-1
-1;-1;-1;-1;-1;-1;-1;-1;-1;-1;-1;-1;-1;-1;-1;-1;-1;-1;63;63;63;63;63;63;63;63;51;63;63;63;63;63;63;63;63;63;63;63;63;63;63;63;63;63;63;63;63;63;63;63;63;63;63;63;63;63;63;63;63;63;63;63;63;63;63;63;63;63;63;63;-1;-1;-1;-1;-1;-1;-1;-1;-1;-1;-1;-1;-1;-1;-1;-1
-1;-1;-1;-1;-1;-1;-1;-1;-1;-1;-1;-1;-1;-1;-1;-1;-1;-1;63;63;63;63;63;63;63;63;63;63;63;63;63;63;63;63;63;52;63;63;63;63;63;63;63;63;63;63;63;63;63;63;63;63;63;63;63;63;63;63;63;63;63;63;63;63;63;63;63;63;63;63;-1;-1;-1;-1;-1;-1;-1;-1;-1;-1;-1;-1;-1;-1;-1;-1
-1;-1;-1;-1;-1;-1;-1;-1;-1;-1;-1;-1;-1;-1;-1;-1;-1;-1;63;63;63;63;63;63;63;63;63;63;63;63;63;63;53;63;63;63;63;63;63;63;63;63;63;63;63;63;63;63;63;63;63;63;63;63;63;63;63;63;63;63;63;63;63;63;63;63;63;63;63;63;-1;-1;-1;-1;-1;-1;-1;-1;-1;-1;-1;-1;-1;-1;-1;-1
-1;-1;-1;-1;-1;-1;-1;-1;-1;-1;-1;-1;-1;-1;-1;-1;-1;-1;63;63;63;63;63;63;63;63;63;63;63;63;63;63;63;63;63;63;63;63;63;63;63;63;63;63;63;63;63;63;63;63;63;63;63;63;63;63;63;63;63;63;63;63;63;63;63;63;63;63;63;63;-1;-1;-1;-1;-1;-1;-1;-1;-1;-1;-1;-1;-1;-1;-1;0
-1;-1;-1;-1;-1;-1;-1;-1;-1;-1;-1;-1;-1;-1;-1;-1;-1;-1;63;63;63;63;55;63;63;63;63;63;63;63;63;63;63;63;63;63;63;63;63;63;63;63;63;63;63;63;63;63;63;63;63;63;63;63;63;63;63;63;63;63;63;63;63;63;63;63;63;63;63;63;-1;-1;-1;-1;-1;-1;-1;-1;-1;-1;-1;-1;-1;-1;-1;-1
-1;-1;-1;-1;-1;-1;-1;-1;-1;-1;-1;-1;-1;-1;-1;-1;-1;-1;63;63;63;63;63;63;63;63;63;63;63;63;63;56;63;63;63;63;63;63;63;63;63;63;63;63;63;63;63;63;63;63;63;63;63;63;63;63;63;63;63;63;63;63;63;63;63;63;63;63;63;63;-1;-1;-1;-1;-1;-1;-1;-1;-1;-1;-1;-1;-1;-1;-1;-1
-1;-1;-1;-1;-1;-1;-1;-1;-1;-1;-1;-1;-1;-1;-1;-1;-1;-1;63;63;63;63;63;63;63;63;63;63;63;63;63;63;63;63;63;63;63;57;63;63;63;63;63;63;63;63;63;63;63;63;63;63;63;63;63;63;63;63;63;63;63;63;63;63;63;63;63;63;63;63;-1;-1;-1;-1;-1;-1;-1;-1;-1;-1;-1;-1;-1;-1;-1;-1
-1;-1;-1;-1;-1;-1;-1;-1;-1;-1;-1;-1;-1;-1;-1;-1;-1;-1;63;63;63;63;63;63;63;63;58;63;63;63;63;63;63;63;63;63;63;63;63;63;63;63;63;63;63;63;63;63;63;63;63;63;63;63;63;63;63;63;63;63;63;63;63;63;63;63;63;63;63;63;-1;-1;-1;-1;-1;-1;-1;-1;-1;-1;-1;-1;-1;-1;-1;-1
-1;-1;-1;-1;-1;-1;-1;-1;-1;-1;-1;-1;-1;-1;-1;-1;-1;-1;63;63;63;63;63;63;63;63;63;63;63;63;63;63;63;63;63;59;63;63;63;63;63;63;63;63;63;63;63;63;63;63;63;63;63;63;63;63;63;63;63;63;63;63;63;63;63;63;63;63;63;63;-1;-1;-1;-1;-1;-1;-1;-1;-1;-1;-1;-1;-1;-1;-1;-1
-1;-1;-1;-1;-1;-1;-1;-1;-1;-1;-1;-1;-1;-1;-1;-1;-1;-1;60;63;63;63;63;63;63;63;63;63;63;63;63;63;60;63;63;63;63;63;63;63;63;63;63;63;63;63;63;63;63;63;63;63;63;63;63;63;63;63;63;63;63;63;63;63;63;63;63;63;63;63;-1;-1;-1;-1;-1;-1;-1;-1;-1;-1;-1;-1;-1;-1;-1;-1
-1;-1;-1;-1;-1;-1;-1;-1;-1;-1;-1;-1;-1;-1;-1;-1;-1;-1;63;63;63;63;63;63;63;63;63;63;63;63;63;63;63;63;63;63;63;63;63;63;63;63;63;63;63;63;63;63;63;63;63;63;63;63;63;63;63;63;63;63;63;63;63;63;63;63;63;63;63;63;-1;-1;-1;-1;-1;-1;-1;-1;-1;-1;-1;-1;-1;-1;-1;0
-1;-1;-1;-1;-1;-1;-1;-1;-1;-1;-1;-1;-1;-1;-1;-1;-1;-1;-1;-1;-1;-1;-1;-1;-1;-1;-1;-1;-1;-1;-1;-1;-1;-1;-1;-1;-1;-1;-1;-1;-1;-1;-1;-1;-1;-1;-1;-1;-1;-1;-1;-1;-1;-1;-1;-1;-1;-1;-1;-1;-1;-1;-1;-1;-1;-1;-1;-1;-1;-1;-1;-1;-1;-1;-1;-1;-1;-1;-1;-1;-1;-1;-1;-1;-1;0
-1;-1;-1;-1;-1;-1;-1;-1;-1;-1;-1;-1;-1;-1;-1;-1;-1;-1;-1;-1;-1;-1;-1;-1;-1;-1;-1;-1;-1;-1;-1;-1;-1;-1;-1;-1;-1;-1;-1;-1;-1;-1;-1;-1;-1;-1;-1;-1;-1;-1;-1;-1;-1;-1;-1;-1;-1;-1;-1;-1;-1;-1;-1;-1;-1;-1;-1;-1;-1;-1;-1;-1;-1;-1;-1;-1;-1;-1;-1;-1;-1;-1;-1;-1;-1;0
-1;-1;-1;-1;-1;-1;-1;-1;-1;-1;-1;-1;-1;-1;-1;-1;-1;-1;63;63;63;63;63;63;63;63;63;63;63;63;63;63;63;63;63;63;63;63;63;63;63;63;63;63;63;63;63;63;63;63;63;63;63;63;63;63;63;63;63;63;63;63;63;63;63;63;63;63;63;63;-1;-1;-1;-1;-1;-1;-1;-1;-1;-1;-1;-1;-1;-1;-1;0
-1;-1;-1;1;-1;-1;-1;-1;-1;-1;-1;-1;-1;-1;-1;-1;-1;-1;-1;-1;-1;-1;-1;-1;-1;-1;-1;-1;-1;-1;-1;-1;-1;-1;-1;-1;-1;-1;-1;-1;-1;-1;-1;-1;-1;-1;-1;-1;-1;-1;-1;-1;-1;-1;-1;-1;-1;-1;-1;-1;-1;-1;-1;-1;-1;-1;-1;-1;-1;-1;-1;-1;-1;-1;-1;-1;-1;-1;-1;-1;-1;-1;-1;-1;-1;0
65;65;65;65;65;65;65;65;65;65;67;65;65;65;65;65;65;65;65;65;65;65;65;65;65;65;65;65;65;65;65;65;65;65;65;65;65;65;65;65;65;65;65;65;65;65;65;65;65;65;65;65;65;65;65;65;65;65;65;65;65;65;65;65;65;65;65;65;65;65;0;65;65;0;65;65;65;65;65;65;65;65;65;65;65;-1
-1;70;-1;-1;-1;-1;61;61;-1;-1;-1;-1;-1;-1;-1;-1;-1;-1;-1;-1;-1;-1;-1;-1;-1;-1;-1;-1;-1;-1;-1;-1;-1;-1;-1;-1;-1;-1;-1;-1;-1;-1;-1;-1;-1;-1;-1;-1;-1;-1;-1;-1;-1;-1;-1;-1;-1;-1;-1;-1;-1;-1;-1;-1;-1;-1;-1;-1;-1;-1;-1;-1;-1;-1;-1;-1;-1;-1;-1;-1;-1;-1;-1;-1;-1;0
67;67;67;67;67;67;67;67;67;67;68;67;67;67;67;67;67;67;67;67;67;67;67;67;67;67;67;67;67;67;67;67;67;67;67;67;67;67;67;67;67;67;67;67;67;67;67;67;67;67;67;67;67;67;67;67;67;67;67;67;67;67;67;67;67;67;67;67;67;67;67;67;67;67;67;67;67;67;67;67;67;67;67;67;67;-1
-1;-1;-1;-1;-1;-1;-1;-1;-1;-1;0;-1;-1;-1;-1;-1;-1;-1;-1;-1;-1;-1;-1;-1;-1;-1;-1;-1;-1;-1;-1;-1;-1;-1;-1;-1;-1;-1;-1;-1;-1;-1;-1;-1;-1;-1;-1;-1;-1;-1;-1;-1;-1;-1;-1;-1;-1;-1;-1;-1;-1;-1;-1;-1;-1;-1;-1;-1;-1;-1;-1;-1;-1;-1;-1;-1;-1;-1;-1;-1;-1;-1;-1;-1;-1;-1
-1;-1;-1;-1;-1;-1;-1;61;-1;-1;-1;-1;-1;-1;-1;-1;-1;-1;-1;-1;-1;-1;-1;-1;-1;-1;-1;-1;-1;-1;-1;-1;-1;-1;-1;-1;-1;-1;-1;-1;-1;-1;-1;-1;-1;-1;-1;-1;-1;-1;-1;-1;-1;-1;-1;-1;-1;-1;-1;-1;-1;-1;-1;-1;-1;-1;-1;-1;-1;-1;-1;-1;-1;-1;-1;-1;-1;-1;-1;-1;-1;-1;-1;-1;-1;0
-1;-1;-1;-1;-1;-1;-1;-1;-1;-1;-1;-1;-1;-1;-1;-1;-1;-1;-1;-1;-1;-1;-1;-1;-1;-1;-1;-1;-1;-1;-1;-1;-1;-1;-1;-1;-1;-1;-1;-1;-1;-1;-1;-1;-1;-1;-1;-1;-1;-1;-1;-1;-1;-1;-1;-1;-1;-1;-1;-1;-1;-1;-1;-1;-1;-1;-1;-1;-1;-1;-1;-1;-1;-1;-1;-1;-1;-1;-1;-1;-1;-1;-1;-1;-1;0
71;71;71;71;71;71;71;71;71;71;71;71;71;71;71;72;71;71;71;71;71;71;71;71;71;71;71;71;71;71;71;71;71;71;71;71;71;71;71;71;71;71;71;71;71;71;71;71;71;71;71;71;71;71;71;71;71;71;71;71;71;71;71;71;71;71;71;71;71;71;71;71;71;71;71;71;71;71;71;71;71;71;71;71;71;-1
-1;-1;-1;-1;-1;-1;-1;-1;-1;-1;-1;-1;-1;-1;-1;-1;-1;-1;-1;-1;-1;-1;-1;-1;-1;-1;-1;-1;-1;-1;-1;-1;-1;-1;-1;-1;-1;-1;-1;-1;-1;-1;-1;-1;-1;-1;-1;-1;-1;-1;-1;-1;-1;-1;-1;-1;-1;-1;-1;-1;-1;-1;-1;-1;-1;-1;-1;-1;-1;-1;-1;-1;-1;-1;-1;-1;-1;-1;-1;-1;-1;-1;-1;-1;-1;0
-1;-1;-1;-1;-1;-1;-1;-1;-1;-1;-1;-1;-1;-1;-1;-1;-1;-1;-1;-1;-1;-1;-1;-1;-1;-1;-1;-1;-1;-1;-1;-1;-1;-1;-1;-1;-1;-1;-1;-1;-1;-1;-1;-1;-1;-1;-1;-1;-1;-1;-1;-1;-1;-1;-1;-1;-1;-1;-1;-1;-1;-1;-1;-1;-1;-1;-1;-1;-1;-1;-1;-1;-1;-1;-1;73;73;73;73;73;73;73;73;73;73;0
75;75;75;75;75;75;75;75;75;75;75;75;75;75;75;75;75;75;75;75;75;75;75;75;75;75;75;75;75;75;75;75;75;75;75;75;75;75;75;75;75;75;75;75;75;75;75;75;75;75;75;75;75;75;75;75;75;75;75;75;75;75;75;75;75;75;75;75;75;75;75;75;75;75;75;75;75;75;75;75;75;75;75;75;75;-1
-1;-1;-1;-1;-1;-1;-1;-1;-1;-1;-1;-1;-1;-1;-1;-1;-1;-1;-1;-1;-1;-1;-1;-1;-1;-1;-1;-1;-1;-1;-1;-1;-1;-1;-1;-1;-1;-1;-1;-1;-1;-1;-1;-1;-1;-1;-1;-1;-1;-1;-1;-1;-1;-1;-1;-1;-1;-1;-1;-1;-1;-1;-1;-1;-1;-1;-1;-1;-1;-1;-1;-1;-1;-1;76;-1;-1;-1;-1;-1;-1;-1;-1;-1;-1;-1
-1;-1;-1;-1;-1;-1;-1;-1;-1;-1;-1;-1;-1;-1;-1;-1;-1;-1;-1;-1;-1;-1;-1;-1;-1;-1;-1;-1;-1;-1;-1;-1;-1;-1;-1;-1;-1;-1;-1;-1;-1;-1;-1;-1;-1;-1;-1;-1;-1;-1;-1;-1;-1;-1;-1;-1;-1;-1;-1;-1;-1;-1;-1;-1;-1;-1;-1;-1;-1;-1;-1;-1;-1;-1;-1;-1;-1;-1;-1;-1;-1;-1;-1;-1;-1;0
-1;-1;-1;-1;-1;-1;-1;-1;-1;-1;-1;-1;-1;-1;-1;-1;-1;-1;78;63;63;63;63;63;63;63;63;63;63;63;63;63;63;63;63;63;63;63;63;63;63;63;63;63;63;63;63;63;63;63;63;63;63;63;63;63;63;63;63;63;63;63;63;63;63;63;63;63;63;63;-1;-1;-1;-1;-1;-1;-1;-1;-1;-1;-1;-1;-1;-1;-1;-1
-1;-1;-1;-1;-1;-1;-1;-1;-1;-1;-1;-1;-1;-1;-1;-1;-1;-1;63;63;63;63;63;63;63;63;63;63;63;63;63;63;63;63;63;79;63;63;63;63;63;63;63;63;63;63;63;63;63;63;63;63;63;63;63;63;63;63;63;63;63;63;63;63;63;63;63;63;63;63;-1;-1;-1;-1;-1;-1;-1;-1;-1;-1;-1;-1;-1;-1;-1;-1
-1;-1;-1;-1;-1;-1;-1;-1;-1;-1;-1;-1;-1;-1;-1;-1;-1;-1;80;63;63;63;63;63;63;63;63;63;63;63;63;63;63;63;63;63;63;63;63;63;63;63;63;63;63;63;63;63;63;63;63;63;63;63;63;63;63;63;63;63;63;63;63;63;63;63;63;63;63;63;-1;-1;-1;-1;-1;-1;-1;-1;-1;-1;-1;-1;-1;-1;-1;-1
-1;-1;-1;-1;-1;-1;-1;-1;-1;-1;-1;-1;-1;-1;-1;-1;-1;-1;63;63;63;63;63;63;63;63;63;63;63;63;63;63;63;63;63;63;63;63;63;63;63;63;63;63;63;63;63;63;63;63;63;63;63;63;63;63;63;63;63;63;63;63;63;63;63;63;63;63;63;63;-1;-1;-1;-1;-1;-1;-1;-1;-1;-1;-1;-1;-1;-1;-1;0
-1;-1;-1;-1;-1;-1;-1;-1;-1;-1;-1;-1;-1;-1;-1;-1;-1;-1;63;63;63;63;63;63;63;63;63;63;63;63;82;63;63;63;63;63;63;63;63;63;63;63;63;63;63;63;63;63;63;63;63;63;63;63;63;63;63;63;63;63;63;63;63;63;63;63;63;63;63;63;-1;-1;-1;-1;-1;-1;-1;-1;-1;-1;-1;-1;-1;-1;-1;-1
-1;-1;-1;-1;-1;-1;-1;-1;-1;-1;-1;-1;-1;-1;-1;-1;-1;-1;63;63;63;63;63;63;63;63;63;63;63;63;63;63;63;63;63;63;63;63;63;63;63;63;63;63;63;63;63;63;63;63;63;63;63;63;63;63;63;63;63;63;63;63;63;63;63;63;63;63;63;63;-1;-1;-1;-1;-1;-1;-1;-1;-1;-1;-1;-1;-1;-1;-1;0
